<Collection name="Photo Gallery" guid="{8D09CD49-6DD0-43DF-8E28-F3BBC610BB88}" Version="1">
	<Help>&lt;p&gt;The Photo Gallery add-on collection creates a Flash image viewer with multiple image folders and image previews.&lt;/p&gt;&lt;p&gt;After installation, add the Photo Gallery to a page by dropping the Add-on called &quot;Photo Gallery&quot; in the content.&lt;br&gt;&lt;/p&gt;&lt;p&gt;When the Photo Gallery is first used, it creates a folder in the Resource Library called Photo Gallery. Folders. Images you move into this folder are displayed in the Gallery. Sub-folders you create in the folder appear in the Photo Gallery navigation.&lt;br&gt;&lt;/p&gt;</Help>
  <Interfaces>
    	<Page name='gallery.xml' guid='{BD93CC7D-253D-4042-B2FB-6A05A6A59678}' Version="1">
      		<Description>returns the xml for the Photo Gallery</Description>
      		<ActiveXDLL>aoPhotoGallery.DLL</ActiveXDLL>
      		<ActiveXProgramID>aoPhotoGallery.responseClass</ActiveXProgramID>
      		<RemoteMethod>True</RemoteMethod>
    	</Page>
    	<Page name='Photo Gallery' guid='{9CC218E7-61A8-4F79-BC01-471C5388F3A4}' Version="1">
      		<Description>Drop this obreturns the Photo Gallery</Description>
		<ArgumentList><![CDATA[Photo Gallery Width=650]]></ArgumentList>
      		<ActiveXDLL>aoPhotoGallery.DLL</ActiveXDLL>
      		<ActiveXProgramID>aoPhotoGallery.galleryClass</ActiveXProgramID>
      		<Content>True</Content>
      		<Admin>True</Admin>
    	</Page>
  </Interfaces>
</Collection>
